{"cameraMode":{"drawMode":0,"name":"Shaded","section":"Shading Mode"},"sceneLighting":false,"audioPlay":false,"sceneViewState":{"showFog":false,"showMaterialUpdate":false,"showSkybox":false,"showFlares":false,"showImageEffects":false,"showParticleSystems":false},"in2DMode":false,"pivot":{"x":0.20694565773010255,"y":0.19574397802352906,"z":1.6871776580810547},"rotation":{"x":0.019992562010884286,"y":-0.853046715259552,"z":0.03277185559272766,"w":0.5204240083694458},"size":8.19729232788086,"orthographic":false}