{"cameraMode":{"drawMode":0,"name":"Shaded","section":"Shading Mode"},"sceneLighting":true,"audioPlay":false,"sceneViewState":{"showFog":false,"showMaterialUpdate":false,"showSkybox":false,"showFlares":false,"showImageEffects":false,"showParticleSystems":false},"in2DMode":false,"pivot":{"x":23.270000457763673,"y":2.266200065612793,"z":-8.791000366210938},"rotation":{"x":0.1653435081243515,"y":-0.7953850030899048,"z":0.24942773580551148,"w":0.5271413326263428},"size":1.2476904392242432,"orthographic":false}