{"cameraMode":{"drawMode":0,"name":"Shaded","section":"Shading Mode"},"sceneLighting":false,"audioPlay":false,"sceneViewState":{"showFog":false,"showMaterialUpdate":false,"showSkybox":false,"showFlares":false,"showImageEffects":false,"showParticleSystems":false},"in2DMode":false,"pivot":{"x":-7.301568984985352e-7,"y":1.8818179368972779,"z":6.518655776977539},"rotation":{"x":-0.02237115055322647,"y":-0.9743820428848267,"z":0.19336041808128358,"w":-0.11275307834148407},"size":2.252122640609741,"orthographic":false}