{"cameraMode":{"drawMode":0,"name":"Shaded","section":"Shading Mode"},"sceneLighting":false,"audioPlay":false,"sceneViewState":{"showFog":false,"showMaterialUpdate":false,"showSkybox":false,"showFlares":false,"showImageEffects":false,"showParticleSystems":false},"in2DMode":false,"pivot":{"x":2.799999952316284,"y":-6.079999923706055,"z":6.599999904632568},"rotation":{"x":0.12188620120286942,"y":-0.8679329752922058,"z":0.4042600393295288,"w":0.26163914799690249},"size":2.020829200744629,"orthographic":false}