{"cameraMode":{"drawMode":0,"name":"Shaded","section":"Shading Mode"},"sceneLighting":false,"audioPlay":false,"sceneViewState":{"showFog":false,"showMaterialUpdate":false,"showSkybox":false,"showFlares":false,"showImageEffects":false,"showParticleSystems":false},"in2DMode":false,"pivot":{"x":22.94700050354004,"y":1.9730000495910645,"z":-7.6570000648498539},"rotation":{"x":0.12188620120286942,"y":-0.8679329752922058,"z":0.4042600393295288,"w":0.26163914799690249},"size":0.40416455268859866,"orthographic":false}