{"cameraMode":{"drawMode":0,"name":"Shaded","section":"Shading Mode"},"sceneLighting":false,"audioPlay":false,"sceneViewState":{"showFog":false,"showMaterialUpdate":false,"showSkybox":false,"showFlares":false,"showImageEffects":false,"showParticleSystems":false},"in2DMode":false,"pivot":{"x":2.799999952316284,"y":-6.079999923706055,"z":6.599999904632568},"rotation":{"x":0.1719924360513687,"y":-0.7903251051902771,"z":0.2570083439350128,"w":0.5289384126663208},"size":1.1083309650421143,"orthographic":false}