{"cameraMode":{"drawMode":0,"name":"Shaded","section":"Shading Mode"},"sceneLighting":false,"audioPlay":false,"sceneViewState":{"showFog":false,"showMaterialUpdate":false,"showSkybox":false,"showFlares":false,"showImageEffects":false,"showParticleSystems":false},"in2DMode":false,"pivot":{"x":-0.9869692325592041,"y":2.6649012565612795,"z":-8.26895809173584},"rotation":{"x":0.1733456552028656,"y":-0.7714301347732544,"z":0.2368568778038025,"w":0.5645867586135864},"size":16.266515731811525,"orthographic":false}